<?xml version="1.0" encoding="UTF-8"?>
<!-- Created with TexturePacker https://www.codeandweb.com/texturepacker -->
<!-- $TexturePacker:SmartUpdate:ddfd96160520f187e781cb4065261923:ca91e18cf18201584fedd5d7d13ae80c:cde709370900f12288f3449eded86f07$ -->
<TextureAtlas imagePath="atlas.png" width="974" height="1533">
    <SubTexture name="addition" x="565" y="158" width="300" height="297"/>
    <SubTexture name="buttonpng" x="353" y="455" width="512" height="512"/>
    <SubTexture name="eight" x="546" y="0" width="116" height="139"/>
    <SubTexture name="five" x="0" y="0" width="100" height="141"/>
    <SubTexture name="four" x="784" y="0" width="129" height="145"/>
    <SubTexture name="logo" x="0" y="967" width="820" height="129"/>
    <SubTexture name="nine" x="0" y="158" width="133" height="156"/>
    <SubTexture name="one" x="662" y="0" width="122" height="158"/>
    <SubTexture name="play" x="0" y="1096" width="974" height="437"/>
    <SubTexture name="rocket" x="0" y="455" width="353" height="340"/>
    <SubTexture name="seven" x="320" y="0" width="112" height="139"/>
    <SubTexture name="six" x="432" y="0" width="114" height="143"/>
    <SubTexture name="subtract" x="268" y="158" width="297" height="297"/>
    <SubTexture name="three" x="210" y="0" width="110" height="147"/>
    <SubTexture name="two" x="100" y="0" width="110" height="141"/>
    <SubTexture name="zero" x="133" y="158" width="135" height="166"/>
</TextureAtlas>
